{
  "scene": {
    "type": "cube"
  },
  "projector": {
    "eye": {
      "x": 4.430761575624772,
      "y": -2.4205360806680094,
      "z": 3.2418138352088386
    },
    "focus": {
      "x": 0,
      "y": 0,
      "z": 0
    },
    "fieldOfView": 0.7853981633974483,
    "background": {
      "r": 0,
      "g": 0,
      "b": 0
    }
  },
  "sampler": {
    "columns": 160,
    "rows": 120,
    "subsamples": 2
  }
}
